Feature,VIF
chirps_rain_mm,980.9304291782572
management_index,3.912615524574325
seed_type,2.8228848696992084
fert_rate_kgha,1.879185733241138
irrigation,1.172628488061261
soil_ph,1.1563153742841363
ndvi_mean,1.1512784930203628
farm_size_ha,1.0338223658372632
